URL,Coupon
https://www.amazon.com/s?k=B089X9QFP1&ref=nb_sb_noss,$10.00
https://www.amazon.com/s?k=B07PW9BDMH&ref=nb_sb_noss,$5.00
https://www.amazon.com/s?k=B09D3Y4HBY&ref=nb_sb_noss,Nill
https://www.amazon.com/s?k=B093TSQ72P&ref=nb_sb_noss,$35.00
https://www.amazon.com/s?k=B088W7WTZN&ref=nb_sb_noss,$10.00
https://www.amazon.com/s?k=B08C4VVN9F&ref=nb_sb_noss,Nill
https://www.amazon.com/s?k=B091JBHKSF&ref=nb_sb_noss,$10.00
https://www.amazon.com/s?k=B07TCCYXSS&ref=nb_sb_noss,$20.00
https://www.amazon.com/s?k=B07QTBVYJ1&ref=nb_sb_noss,Nill
https://www.amazon.com/s?k=B093TQXQVC&ref=nb_sb_noss,$5.00
https://www.amazon.com/s?k=B07P5J12YC&ref=nb_sb_noss,Nill
https://www.amazon.com/s?k=B07PVD6T8V&ref=nb_sb_noss,$10.00
https://www.amazon.com/s?k=B09CLM44TM&ref=nb_sb_noss,$10.00
https://www.amazon.com/s?k=B09CLM44TM&ref=nb_sb_noss,$10.00
https://www.amazon.com/s?k=B08SMM8XCJ&ref=nb_sb_noss,Nill
